sample_id,tissue,sex,driver,target,replicate,barcode,lane,run
A1,whole,male,tub,dam,1,CGATGT,1,151020_run0437
A2,whole,male,tub,dam,2,TGACCA,1,151020_run0437
A3,whole,male,tub,dam,3,ACAGTG,1,151020_run0437
A4,whole,male,tub,polII,1,GCCAAT,1,151020_run0437
A5,whole,male,tub,polII,2,CAGATC,1,151020_run0437
A6,whole,male,tub,polII,3,CTTGTA,1,151020_run0437
A7,whole,female,tub,dam,1,AGTCAA,1,151020_run0437
A8,whole,female,tub,dam,2,AGTTCC,1,151020_run0437
A9,whole,female,tub,dam,3,ATGTCA,1,151020_run0437
A10,whole,female,tub,polII,1,CCGTCC,1,151020_run0437
A11,whole,female,tub,polII,2,GTCCGC,1,151020_run0437
A12,whole,female,tub,polII,3,GTGAAA,1,151020_run0437
B1,ovary,female,tub,dam,1,ATCACG,1,151020_run0437
B2,ovary,female,tub,dam,2,TTAGGC,1,151020_run0437
B3,ovary,female,tub,dam,3,ACTTGA,1,151020_run0437
B4,ovary,female,tub,polII,1,GATCAG,1,151020_run0437
B5,ovary,female,tub,polII,2,TAGCTT,1,151020_run0437
B6,ovary,female,tub,polII,3,GGCTAC,1,151020_run0437
B7,testis,male,tub,dam,1,GTGGCC,1,151020_run0437
B8,testis,male,tub,dam,2,GTTTCG,1,151020_run0437
B9,testis,male,tub,dam,3,CGTACG,1,151020_run0437
B10,testis,male,tub,polII,1,GAGTGG,1,151020_run0437
B11,testis,male,tub,polII,2,ACTGAT,1,151020_run0437
B12,testis,male,tub,polII,3,ATTCCT,1,151020_run0437
