samplename	orig_filenames	group	tissue	sex	driver	target	replicate	barcode	lane	run	wellID	row	col	ercc
A1_whole_male_tub_dam_rep1	/data/Oliverlab/fastq/151020_run0437/Sample_A1_Sophila_RNAseq/A1_Sophila_RNAseq_CGATGT_L001_R1_001.fastq.gz	whole_male_tub_dam	whole	male	tub	dam	1	CGATGT	1	151020_run0437	A1	A	1	B
A10_whole_female_tub_polII_rep1	/data/Oliverlab/fastq/151020_run0437/Sample_A10_Sophila_RNAseq/A10_Sophila_RNAseq_CCGTCC_L001_R1_001.fastq.gz	whole_female_tub_polII	whole	female	tub	polII	1	CCGTCC	1	151020_run0437	A10	A	10	A
A11_whole_female_tub_polII_rep2	/data/Oliverlab/fastq/151020_run0437/Sample_A11_Sophila_RNAseq/A11_Sophila_RNAseq_GTCCGC_L001_R1_001.fastq.gz	whole_female_tub_polII	whole	female	tub	polII	2	GTCCGC	1	151020_run0437	A11	A	11	B
A12_whole_female_tub_polII_rep3	/data/Oliverlab/fastq/151020_run0437/Sample_A12_Sophila_RNAseq/A12_Sophila_RNAseq_GTGAAA_L001_R1_001.fastq.gz	whole_female_tub_polII	whole	female	tub	polII	3	GTGAAA	1	151020_run0437	A12	A	12	B
A2_whole_male_tub_dam_rep2	/data/Oliverlab/fastq/151020_run0437/Sample_A2_Sophila_RNAseq/A2_Sophila_RNAseq_TGACCA_L001_R1_001.fastq.gz	whole_male_tub_dam	whole	male	tub	dam	2	TGACCA	1	151020_run0437	A2	A	2	A
A3_whole_male_tub_dam_rep3	/data/Oliverlab/fastq/151020_run0437/Sample_A3_Sophila_RNAseq/A3_Sophila_RNAseq_ACAGTG_L001_R1_001.fastq.gz	whole_male_tub_dam	whole	male	tub	dam	3	ACAGTG	1	151020_run0437	A3	A	3	A
A4_whole_male_tub_polII_rep1	/data/Oliverlab/fastq/151020_run0437/Sample_A4_Sophila_RNAseq/A4_Sophila_RNAseq_GCCAAT_L001_R1_001.fastq.gz	whole_male_tub_polII	whole	male	tub	polII	1	GCCAAT	1	151020_run0437	A4	A	4	A
A5_whole_male_tub_polII_rep2	/data/Oliverlab/fastq/151020_run0437/Sample_A5_Sophila_RNAseq/A5_Sophila_RNAseq_CAGATC_L001_R1_001.fastq.gz	whole_male_tub_polII	whole	male	tub	polII	2	CAGATC	1	151020_run0437	A5	A	5	A
A6_whole_male_tub_polII_rep3	/data/Oliverlab/fastq/151020_run0437/Sample_A6_Sophila_RNAseq/A6_Sophila_RNAseq_CTTGTA_L001_R1_001.fastq.gz	whole_male_tub_polII	whole	male	tub	polII	3	CTTGTA	1	151020_run0437	A6	A	6	B
A7_whole_female_tub_dam_rep1	/data/Oliverlab/fastq/151020_run0437/Sample_A7_Sophila_RNAseq/A7_Sophila_RNAseq_AGTCAA_L001_R1_001.fastq.gz	whole_female_tub_dam	whole	female	tub	dam	1	AGTCAA	1	151020_run0437	A7	A	7	A
A8_whole_female_tub_dam_rep2	/data/Oliverlab/fastq/151020_run0437/Sample_A8_Sophila_RNAseq/A8_Sophila_RNAseq_AGTTCC_L001_R1_001.fastq.gz	whole_female_tub_dam	whole	female	tub	dam	2	AGTTCC	1	151020_run0437	A8	A	8	A
A9_whole_female_tub_dam_rep3	/data/Oliverlab/fastq/151020_run0437/Sample_A9_Sophila_RNAseq/A9_Sophila_RNAseq_ATGTCA_L001_R1_001.fastq.gz	whole_female_tub_dam	whole	female	tub	dam	3	ATGTCA	1	151020_run0437	A9	A	9	A
B1_ovary_tub_dam_rep1	/data/Oliverlab/fastq/151020_run0437/Sample_B1_Sophila_RNAseq/B1_Sophila_RNAseq_ATCACG_L001_R1_001.fastq.gz	ovary_tub_dam	ovary	female	tub	dam	1	ATCACG	1	151020_run0437	B1	B	1	B
B10_testis_tub_polII_rep1	/data/Oliverlab/fastq/151020_run0437/Sample_B10_Sophila_RNAseq/B10_Sophila_RNAseq_GAGTGG_L001_R1_001.fastq.gz	testis_tub_polII	testis	male	tub	polII	1	GAGTGG	1	151020_run0437	B10	B	10	A
B11_testis_tub_polII_rep2	/data/Oliverlab/fastq/151020_run0437/Sample_B11_Sophila_RNAseq/B11_Sophila_RNAseq_ACTGAT_L001_R1_001.fastq.gz	testis_tub_polII	testis	male	tub	polII	2	ACTGAT	1	151020_run0437	B11	B	11	A
B12_testis_tub_polII_rep3	/data/Oliverlab/fastq/151020_run0437/Sample_B12_Sophila_RNAseq/B12_Sophila_RNAseq_ATTCCT_L001_R1_001.fastq.gz	testis_tub_polII	testis	male	tub	polII	3	ATTCCT	1	151020_run0437	B12	B	12	B
B2_ovary_tub_dam_rep2	/data/Oliverlab/fastq/151020_run0437/Sample_B2_Sophila_RNAseq/B2_Sophila_RNAseq_TTAGGC_L001_R1_001.fastq.gz	ovary_tub_dam	ovary	female	tub	dam	2	TTAGGC	1	151020_run0437	B2	B	2	A
B3_ovary_tub_dam_rep3	/data/Oliverlab/fastq/151020_run0437/Sample_B3_Sophila_RNAseq/B3_Sophila_RNAseq_ACTTGA_L001_R1_001.fastq.gz	ovary_tub_dam	ovary	female	tub	dam	3	ACTTGA	1	151020_run0437	B3	B	3	A
B4_ovary_tub_polII_rep1	/data/Oliverlab/fastq/151020_run0437/Sample_B4_Sophila_RNAseq/B4_Sophila_RNAseq_GATCAG_L001_R1_001.fastq.gz	ovary_tub_polII	ovary	female	tub	polII	1	GATCAG	1	151020_run0437	B4	B	4	A
B5_ovary_tub_polII_rep2	/data/Oliverlab/fastq/151020_run0437/Sample_B5_Sophila_RNAseq/B5_Sophila_RNAseq_TAGCTT_L001_R1_001.fastq.gz	ovary_tub_polII	ovary	female	tub	polII	2	TAGCTT	1	151020_run0437	B5	B	5	A
B6_ovary_tub_polII_rep3	/data/Oliverlab/fastq/151020_run0437/Sample_B6_Sophila_RNAseq/B6_Sophila_RNAseq_GGCTAC_L001_R1_001.fastq.gz	ovary_tub_polII	ovary	female	tub	polII	3	GGCTAC	1	151020_run0437	B6	B	6	A
B7_testis_tub_dam_rep1	/data/Oliverlab/fastq/151020_run0437/Sample_B7_Sophila_RNAseq/B7_Sophila_RNAseq_GTGGCC_L001_R1_001.fastq.gz	testis_tub_dam	testis	male	tub	dam	1	GTGGCC	1	151020_run0437	B7	B	7	A
B8_testis_tub_dam_rep2	/data/Oliverlab/fastq/151020_run0437/Sample_B8_Sophila_RNAseq/B8_Sophila_RNAseq_GTTTCG_L001_R1_001.fastq.gz	testis_tub_dam	testis	male	tub	dam	2	GTTTCG	1	151020_run0437	B8	B	8	A
B9_testis_tub_dam_rep3	/data/Oliverlab/fastq/151020_run0437/Sample_B9_Sophila_RNAseq/B9_Sophila_RNAseq_CGTACG_L001_R1_001.fastq.gz	testis_tub_dam	testis	male	tub	dam	3	CGTACG	1	151020_run0437	B9	B	9	A
